id,pid,host,nonce,sent_time,time_to_send,time_to_rcpt,recv_time
0,0,val1,0,0.018,0.026,0.103,0.148
1,2,val1,6,0.663,0.012,0.312,0.987
2,2,val1,5,0.563,0.012,0.414,0.988
3,2,val2,4,0.461,0.013,0.516,0.990
4,2,val2,7,0.764,0.012,0.215,0.991
5,2,val2,3,0.361,0.013,0.618,0.991
6,2,val2,2,0.260,0.012,0.720,0.992
7,2,val2,0,0.059,0.015,0.919,0.992
8,2,val2,1,0.159,0.013,0.820,0.993
9,3,val1,8,0.887,0.012,0.102,1.001
10,3,val1,0,0.078,0.013,0.913,1.004
11,3,val1,6,0.686,0.012,0.306,1.005
12,3,val2,7,0.786,0.013,0.205,1.005
13,3,val2,5,0.586,0.013,0.407,1.005
14,3,val1,1,0.180,0.013,0.816,1.009
15,3,val3,3,0.383,0.013,0.613,1.009
16,3,val1,2,0.282,0.013,0.715,1.010
17,3,val3,4,0.485,0.013,0.511,1.010
18,4,val2,8,0.907,0.012,0.102,1.020
19,4,val3,7,0.807,0.012,0.203,1.022
20,4,val3,6,0.706,0.012,0.305,1.023
21,4,val3,5,0.605,0.013,0.414,1.032
22,4,val2,2,0.301,0.012,0.719,1.032
23,4,val2,4,0.504,0.014,0.514,1.033
24,4,val3,1,0.200,0.012,0.821,1.033
25,4,val3,0,0.098,0.013,0.922,1.033
26,4,val3,3,0.402,0.013,0.618,1.034
27,0,val2,9,0.927,0.012,0.102,1.041
28,0,val2,8,0.826,0.013,0.206,1.046
29,0,val1,2,0.220,0.011,0.815,1.046
30,0,val1,6,0.625,0.012,0.409,1.047
31,0,val1,7,0.726,0.014,0.308,1.047
32,0,val3,3,0.322,0.012,0.716,1.051
33,0,val2,1,0.119,0.013,0.919,1.051
34,0,val1,5,0.525,0.013,0.514,1.051
35,0,val2,4,0.423,0.013,0.616,1.052
36,1,val2,5,0.542,0.013,0.514,1.069
37,1,val3,4,0.441,0.012,0.617,1.069
38,1,val3,2,0.239,0.012,0.819,1.070
39,1,val3,3,0.340,0.013,0.717,1.070
40,1,val3,1,0.139,0.013,0.919,1.070
41,1,val1,7,0.743,0.014,0.314,1.071
42,1,val1,6,0.642,0.014,0.423,1.079
43,1,val1,8,0.844,0.013,0.223,1.080
44,1,val3,0,0.038,0.020,1.023,1.082
45,2,val3,8,0.865,0.014,0.208,1.087
46,1,val3,14,1.454,0.013,0.518,1.985
47,1,val3,10,1.048,0.014,0.924,1.986
48,1,val3,15,1.556,0.014,0.417,1.986
49,1,val2,13,1.352,0.013,0.625,1.990
50,2,val2,18,1.872,0.014,0.106,1.991
51,2,val2,17,1.771,0.012,0.209,1.992
52,2,val2,14,1.469,0.013,0.512,1.993
53,2,val2,15,1.570,0.014,0.410,1.993
54,2,val1,11,1.166,0.012,0.815,1.994
55,2,val1,16,1.670,0.012,0.312,1.994
56,2,val1,10,1.066,0.014,0.915,1.995
57,2,val2,13,1.368,0.015,0.612,1.995
58,2,val1,12,1.268,0.013,0.715,1.996
59,1,val1,9,0.946,0.027,1.025,1.998
60,3,val3,18,1.893,0.013,0.103,2.009
61,3,val3,14,1.490,0.012,0.507,2.009
62,3,val1,17,1.793,0.013,0.204,2.009
63,2,val3,9,0.965,0.021,1.027,2.012
64,3,val3,15,1.591,0.013,0.409,2.013
65,3,val1,16,1.692,0.013,0.308,2.013
66,3,val1,13,1.390,0.012,0.611,2.013
67,3,val1,12,1.290,0.012,0.712,2.014
68,3,val2,10,1.088,0.012,0.914,2.015
69,3,val3,11,1.189,0.013,0.813,2.015
70,3,val1,9,0.988,0.014,1.013,2.015
71,4,val1,18,1.913,0.012,0.102,2.026
72,4,val1,16,1.711,0.012,0.306,2.029
73,4,val3,15,1.611,0.012,0.407,2.029
74,4,val2,17,1.812,0.013,0.204,2.030
75,4,val2,14,1.510,0.012,0.512,2.035
76,4,val1,12,1.309,0.012,0.714,2.035
77,4,val1,13,1.410,0.012,0.613,2.035
78,4,val1,10,1.108,0.012,0.916,2.035
79,4,val3,11,1.208,0.013,0.815,2.036
80,4,val1,9,1.008,0.015,1.014,2.036
81,0,val3,18,1.831,0.012,0.203,2.046
82,0,val1,19,1.932,0.014,0.103,2.049
83,0,val3,17,1.731,0.013,0.306,2.049
84,0,val2,16,1.630,0.012,0.407,2.049
85,0,val2,14,1.429,0.013,0.609,2.051
86,0,val3,13,1.329,0.013,0.713,2.055
87,0,val2,11,1.128,0.012,0.915,2.055
88,0,val2,10,1.027,0.013,1.015,2.056
89,0,val1,12,1.229,0.013,0.818,2.059
90,0,val1,15,1.530,0.013,0.516,2.059
91,1,val3,17,1.757,0.013,0.304,2.073
92,1,val2,18,1.857,0.013,0.208,2.078
93,1,val2,16,1.656,0.013,0.411,2.080
94,1,val2,12,1.250,0.012,0.818,2.081
95,1,val2,11,1.150,0.013,0.919,2.082
96,1,val1,28,2.865,0.013,0.102,2.980
97,1,val2,27,2.764,0.013,0.208,2.985
98,1,val2,26,2.663,0.013,0.309,2.985
99,1,val2,24,2.461,0.013,0.512,2.985
100,1,val3,20,2.058,0.013,0.915,2.986
101,1,val3,25,2.561,0.014,0.412,2.986
102,1,val3,22,2.260,0.014,0.713,2.987
103,1,val1,23,2.360,0.013,0.617,2.990
104,2,val2,26,2.678,0.012,0.304,2.994
105,2,val2,27,2.778,0.013,0.203,2.994
106,1,val2,19,1.957,0.019,1.019,2.995
107,2,val3,23,2.375,0.013,0.610,2.998
108,2,val2,25,2.576,0.015,0.407,2.998
109,2,val3,21,2.174,0.013,0.813,3.000
110,2,val1,24,2.475,0.013,0.514,3.002
111,1,val1,21,2.159,0.016,0.827,3.002
112,2,val1,28,2.879,0.013,0.111,3.002
113,2,val1,20,2.074,0.013,0.917,3.003
114,2,val1,22,2.275,0.013,0.716,3.003
115,3,val2,28,2.901,0.012,0.102,3.015
116,3,val1,27,2.800,0.013,0.206,3.020
117,3,val3,24,2.497,0.012,0.510,3.020
118,2,val1,19,1.973,0.023,1.024,3.020
119,3,val1,25,2.598,0.013,0.409,3.020
120,3,val3,26,2.699,0.014,0.308,3.021
121,3,val2,22,2.296,0.012,0.717,3.026
122,3,val1,23,2.397,0.013,0.616,3.026
123,3,val1,21,2.195,0.015,0.816,3.026
124,3,val2,19,1.994,0.014,1.019,3.027
125,3,val3,20,2.095,0.013,0.926,3.033
126,4,val1,28,2.919,0.013,0.104,3.037
127,4,val3,27,2.818,0.013,0.206,3.037
128,4,val3,24,2.516,0.012,0.509,3.037
129,4,val2,25,2.616,0.013,0.408,3.038
130,4,val1,26,2.717,0.014,0.307,3.038
131,4,val1,23,2.415,0.013,0.614,3.042
132,4,val2,21,2.214,0.013,0.815,3.042
133,4,val1,22,2.315,0.012,0.715,3.043
134,4,val3,20,2.114,0.013,0.916,3.043
135,4,val3,19,2.013,0.014,1.016,3.043
136,0,val3,28,2.837,0.013,0.204,3.054
137,0,val2,26,2.636,0.012,0.407,3.055
138,0,val2,27,2.736,0.013,0.309,3.059
139,0,val3,23,2.334,0.012,0.713,3.059
140,0,val3,25,2.535,0.013,0.511,3.059
141,0,val2,22,2.234,0.012,0.814,3.060
142,0,val1,24,2.434,0.012,0.614,3.060
143,0,val3,21,2.133,0.013,0.914,3.061
144,0,val2,20,2.032,0.013,1.016,3.061
145,1,val1,36,3.674,0.012,0.306,3.991
146,1,val1,38,3.875,0.013,0.103,3.992
147,1,val3,35,3.572,0.013,0.409,3.994
148,1,val2,37,3.775,0.013,0.207,3.995
149,1,val1,30,3.068,0.012,0.918,3.998
150,1,val3,32,3.270,0.014,0.721,4.004
151,1,val3,33,3.370,0.013,0.621,4.005
152,2,val3,38,3.890,0.013,0.102,4.005
153,1,val3,34,3.471,0.016,0.518,4.005
154,2,val2,30,3.080,0.013,0.912,4.005
155,1,val2,31,3.169,0.012,0.824,4.006
156,2,val1,37,3.790,0.013,0.204,4.007
157,2,val3,36,3.689,0.013,0.305,4.007
158,1,val1,29,2.967,0.023,1.017,4.008
159,2,val1,32,3.283,0.013,0.716,4.012
160,2,val1,35,3.589,0.014,0.410,4.013
161,2,val2,33,3.385,0.013,0.618,4.016
162,2,val2,31,3.182,0.013,0.822,4.017
163,2,val2,34,3.487,0.013,0.517,4.017
164,3,val3,38,3.907,0.013,0.102,4.022
165,3,val2,37,3.807,0.013,0.205,4.025
166,3,val2,35,3.605,0.013,0.407,4.025
167,3,val2,33,3.404,0.012,0.609,4.026
168,3,val2,36,3.706,0.014,0.306,4.026
169,2,val1,29,2.980,0.024,1.027,4.031
170,3,val1,34,3.505,0.013,0.514,4.032
171,3,val1,30,3.101,0.013,0.919,4.033
172,3,val1,29,3.001,0.013,1.019,4.033
173,3,val3,32,3.303,0.013,0.724,4.040
174,3,val3,31,3.202,0.012,0.826,4.041
175,4,val3,38,3.926,0.013,0.102,4.041
176,4,val1,36,3.725,0.012,0.305,4.042
177,4,val2,37,3.825,0.013,0.205,4.043
178,4,val3,34,3.523,0.012,0.515,4.049
179,4,val1,32,3.321,0.012,0.716,4.049
180,4,val3,33,3.422,0.012,0.615,4.050
181,4,val2,35,3.624,0.014,0.413,4.050
182,4,val3,31,3.221,0.013,0.817,4.050
183,4,val3,29,3.020,0.013,1.018,4.051
184,4,val2,30,3.120,0.013,0.918,4.051
185,0,val3,37,3.743,0.012,0.304,4.059
186,0,val3,38,3.844,0.012,0.203,4.059
187,0,val2,35,3.542,0.012,0.512,4.066
188,0,val3,36,3.643,0.013,0.411,4.066
189,0,val2,32,3.240,0.012,0.815,4.067
190,0,val3,31,3.139,0.013,0.914,4.067
191,0,val3,30,3.039,0.013,1.015,4.067
192,0,val2,29,2.938,0.013,1.117,4.068
193,0,val1,33,3.340,0.012,0.716,4.069
194,0,val1,34,3.441,0.013,0.615,4.069
195,0,val1,39,3.945,0.021,0.104,4.069
196,1,val1,46,4.682,0.012,0.303,4.996
197,1,val1,44,4.480,0.013,0.507,5.000
198,1,val2,45,4.581,0.013,0.406,5.000
199,1,val3,47,4.783,0.013,0.208,5.004
200,1,val3,48,4.884,0.013,0.108,5.005
201,1,val3,40,4.076,0.013,0.925,5.014
202,1,val3,42,4.278,0.013,0.723,5.014
203,2,val2,47,4.798,0.013,0.204,5.014
204,2,val1,46,4.696,0.012,0.306,5.014
205,1,val1,41,4.178,0.015,0.822,5.015
206,1,val3,43,4.379,0.013,0.623,5.015
207,2,val3,48,4.899,0.014,0.104,5.016
208,2,val2,45,4.595,0.014,0.411,5.019
209,2,val2,44,4.494,0.013,0.512,5.020
210,2,val2,42,4.293,0.012,0.714,5.020
211,2,val2,43,4.394,0.013,0.613,5.020
212,2,val2,40,4.092,0.012,0.916,5.021
213,2,val2,41,4.193,0.014,0.814,5.021
214,3,val3,46,4.712,0.012,0.303,5.027
215,3,val2,47,4.812,0.014,0.203,5.029
216,3,val3,48,4.913,0.014,0.103,5.030
217,3,val1,45,4.611,0.013,0.407,5.031
218,3,val3,44,4.511,0.013,0.508,5.032
219,3,val1,43,4.410,0.013,0.609,5.032
220,2,val2,39,3.991,0.026,1.015,5.033
221,1,val2,39,3.976,0.030,1.028,5.034
222,3,val3,40,4.109,0.013,0.917,5.039
223,3,val2,41,4.209,0.014,0.822,5.046
224,3,val2,42,4.310,0.015,0.722,5.046
225,3,val1,39,4.008,0.015,1.025,5.047
226,4,val2,48,4.932,0.013,0.103,5.048
227,4,val1,47,4.831,0.013,0.204,5.048
228,4,val1,46,4.731,0.013,0.305,5.049
229,4,val2,44,4.529,0.013,0.507,5.049
230,4,val2,41,4.228,0.016,0.811,5.055
231,4,val3,39,4.027,0.015,1.014,5.056
232,4,val1,45,4.630,0.013,0.415,5.058
233,4,val1,40,4.127,0.012,0.919,5.058
234,4,val1,43,4.429,0.013,0.618,5.059
235,4,val1,42,4.328,0.013,0.717,5.059
236,0,val3,48,4.851,0.013,0.204,5.068
237,0,val2,45,4.549,0.013,0.507,5.069
238,0,val2,47,4.750,0.014,0.304,5.069
239,0,val1,46,4.650,0.012,0.408,5.070
240,0,val2,43,4.348,0.012,0.712,5.072
241,0,val2,42,4.247,0.014,0.813,5.074
242,0,val2,40,4.045,0.014,1.015,5.075
243,0,val1,44,4.448,0.013,0.615,5.075
244,0,val1,41,4.146,0.012,0.917,5.076
245,0,val1,51,5.152,0.013,0.820,5.985
246,0,val1,54,5.454,0.012,0.519,5.986
247,0,val1,49,4.952,0.023,1.016,5.990
248,1,val3,56,5.692,0.012,0.304,6.008
249,1,val3,57,5.793,0.012,0.204,6.009
250,1,val3,58,5.893,0.013,0.104,6.009
251,2,val2,58,5.907,0.012,0.102,6.022
252,2,val2,57,5.806,0.013,0.204,6.022
253,1,val2,50,5.087,0.013,0.926,6.026
254,2,val3,52,5.303,0.012,0.714,6.029
255,2,val3,53,5.403,0.013,0.614,6.030
256,1,val2,54,5.491,0.013,0.523,6.027
257,1,val1,55,5.591,0.015,0.427,6.034
258,3,val1,58,5.919,0.013,0.103,6.035
259,2,val1,50,5.101,0.012,0.921,6.035
260,2,val1,56,5.705,0.013,0.316,6.035
261,1,val1,53,5.390,0.012,0.633,6.035
262,1,val1,52,5.288,0.013,0.734,6.035
263,2,val3,51,5.202,0.013,0.820,6.035
264,1,val1,51,5.188,0.013,0.836,6.036
265,2,val1,49,5.000,0.015,1.021,6.036
266,1,val3,49,4.985,0.020,1.031,6.036
267,2,val2,54,5.504,0.013,0.519,6.036
268,2,val1,55,5.605,0.013,0.419,6.036
269,3,val2,57,5.819,0.014,0.206,6.039
270,3,val3,56,5.718,0.014,0.307,6.039
271,3,val3,54,5.517,0.012,0.510,6.039
272,3,val3,55,5.618,0.013,0.409,6.040
273,3,val3,52,5.316,0.012,0.717,6.046
274,3,val2,51,5.216,0.012,0.818,6.046
275,3,val3,53,5.417,0.013,0.617,6.046
276,3,val3,50,5.116,0.013,0.918,6.047
277,3,val2,49,5.014,0.015,1.024,6.054
278,4,val2,57,5.840,0.012,0.204,6.056
279,4,val2,56,5.739,0.013,0.305,6.058
280,4,val2,55,5.638,0.013,0.406,6.058
281,4,val3,50,5.132,0.013,0.918,6.063
282,4,val2,49,5.032,0.012,1.019,6.064
283,4,val2,51,5.234,0.013,0.817,6.064
284,4,val1,53,5.437,0.012,0.616,6.064
285,4,val1,54,5.538,0.012,0.515,6.065
286,4,val1,52,5.336,0.014,0.715,6.065
287,0,val2,58,5.859,0.013,0.204,6.076
288,0,val3,55,5.555,0.012,0.511,6.078
289,0,val3,57,5.757,0.013,0.310,6.080
290,0,val3,56,5.656,0.014,0.410,6.080
291,0,val3,53,5.353,0.012,0.715,6.080
292,0,val2,50,5.052,0.012,1.019,6.083
293,0,val2,52,5.253,0.013,0.818,6.084
294,0,val2,68,6.868,0.013,0.112,6.993
295,0,val2,66,6.666,0.012,0.315,6.994
296,0,val2,65,6.565,0.013,0.416,6.994
297,0,val2,67,6.767,0.013,0.214,6.994
298,0,val2,63,6.364,0.013,0.618,6.995
299,0,val2,64,6.464,0.013,0.518,6.995
300,0,val2,59,5.960,0.014,1.021,6.995
301,0,val1,62,6.263,0.013,0.721,6.997
302,0,val1,60,6.062,0.013,0.923,6.998
303,0,val1,61,6.163,0.012,0.823,6.998
304,1,val3,67,6.798,0.012,0.204,7.015
305,1,val2,68,6.899,0.013,0.103,7.015
306,1,val1,66,6.698,0.012,0.307,7.017
307,1,val2,63,6.395,0.012,0.609,7.017
308,1,val1,65,6.597,0.012,0.408,7.017
309,1,val2,64,6.497,0.013,0.508,7.018
310,1,val3,62,6.295,0.013,0.715,7.023
311,1,val2,61,6.194,0.013,0.816,7.024
312,1,val3,60,6.094,0.013,0.917,7.024
313,1,val1,59,5.994,0.014,1.016,7.025
314,2,val2,68,6.918,0.013,0.102,7.033
315,2,val3,67,6.816,0.014,0.204,7.034
316,2,val2,65,6.615,0.013,0.407,7.035
317,2,val2,64,6.514,0.013,0.509,7.036
318,2,val1,66,6.716,0.013,0.312,7.040
319,3,val1,68,6.925,0.014,0.102,7.040
320,2,val1,60,6.110,0.013,0.921,7.043
321,2,val3,59,6.008,0.013,1.022,7.043
322,3,val1,66,6.723,0.017,0.304,7.044
323,3,val3,64,6.522,0.013,0.510,7.045
324,3,val3,67,6.824,0.018,0.203,7.045
325,3,val3,63,6.422,0.014,0.611,7.047
326,3,val1,62,6.321,0.014,0.713,7.047
327,2,val2,62,6.312,0.013,0.722,7.048
328,2,val2,63,6.413,0.013,0.622,7.048
329,2,val2,61,6.212,0.013,0.823,7.048
330,3,val1,61,6.220,0.014,0.814,7.048
331,3,val2,60,6.120,0.013,0.916,7.049
332,3,val1,59,6.019,0.016,1.014,7.049
333,3,val2,65,6.622,0.020,0.407,7.049
334,4,val3,65,6.644,0.013,0.408,7.064
335,4,val3,64,6.543,0.013,0.509,7.065
336,4,val3,66,6.745,0.014,0.307,7.065
337,4,val3,63,6.443,0.013,0.611,7.067
338,4,val2,61,6.242,0.012,0.814,7.068
339,4,val1,62,6.342,0.013,0.716,7.071
340,4,val2,60,6.141,0.013,0.917,7.071
341,4,val1,67,6.845,0.013,0.213,7.072
342,4,val2,59,6.041,0.013,1.018,7.072
343,4,val3,58,5.940,0.013,1.119,7.072
344,4,val1,75,7.651,0.013,0.317,7.980
345,4,val1,70,7.148,0.012,0.821,7.981
346,4,val1,72,7.349,0.012,0.620,7.981
347,4,val1,74,7.551,0.013,0.418,7.982
348,4,val1,69,7.047,0.013,0.922,7.982
349,0,val1,78,7.878,0.013,0.102,7.992
350,0,val2,73,7.373,0.012,0.609,7.994
351,4,val1,68,6.946,0.022,1.027,7.995
352,0,val1,77,7.776,0.016,0.204,7.997
353,0,val1,71,7.172,0.015,0.811,7.997
354,0,val3,76,7.675,0.013,0.310,7.999
355,0,val3,74,7.473,0.012,0.514,7.999
356,0,val3,72,7.272,0.013,0.714,8.000
357,0,val3,75,7.574,0.014,0.412,8.000
358,0,val3,70,7.070,0.014,0.916,8.000
359,1,val1,78,7.904,0.013,0.102,8.019
360,0,val1,69,6.968,0.018,1.036,8.022
361,1,val2,77,7.804,0.013,0.205,8.022
362,1,val1,74,7.502,0.012,0.508,8.022
363,1,val1,75,7.603,0.013,0.407,8.022
364,1,val2,73,7.401,0.013,0.615,8.030
365,1,val1,71,7.200,0.012,0.818,8.030
366,1,val3,72,7.300,0.013,0.717,8.030
367,1,val2,70,7.100,0.013,0.918,8.031
368,1,val3,76,7.703,0.018,0.310,8.031
369,1,val3,69,7.000,0.014,1.018,8.032
370,2,val2,76,7.725,0.013,0.304,8.042
371,2,val3,77,7.826,0.013,0.205,8.044
372,3,val3,78,7.929,0.014,0.102,8.045
373,2,val1,78,7.926,0.013,0.106,8.045
374,3,val1,76,7.728,0.014,0.304,8.047
375,3,val2,75,7.628,0.014,0.405,8.047
376,2,val1,75,7.625,0.013,0.411,8.049
377,2,val1,73,7.424,0.013,0.613,8.049
378,2,val1,74,7.525,0.013,0.512,8.050
379,2,val1,71,7.222,0.014,0.814,8.050
380,2,val2,70,7.122,0.014,0.915,8.050
381,3,val2,74,7.528,0.014,0.510,8.051
382,3,val2,73,7.427,0.014,0.611,8.052
383,3,val2,72,7.327,0.013,0.712,8.052
384,2,val3,69,7.020,0.015,1.018,8.053
385,2,val3,72,7.323,0.013,0.717,8.054
386,3,val3,71,7.226,0.014,0.814,8.054
387,3,val3,70,7.125,0.014,0.915,8.055
388,3,val3,77,7.829,0.023,0.204,8.055
389,3,val1,69,7.025,0.014,1.020,8.059
390,4,val2,77,7.852,0.012,0.202,8.067
391,4,val2,76,7.752,0.013,0.309,8.074
392,4,val3,71,7.248,0.013,0.814,8.076
393,4,val3,73,7.450,0.013,0.613,8.076
394,4,val3,86,8.759,0.014,0.204,8.977
395,4,val3,84,8.559,0.013,0.406,8.978
396,4,val1,85,8.659,0.012,0.315,8.986
397,4,val2,82,8.358,0.012,0.617,8.987
398,4,val2,81,8.257,0.013,0.717,8.987
399,4,val1,79,8.056,0.014,0.918,8.988
400,4,val3,80,8.156,0.012,0.820,8.989
401,4,val3,83,8.459,0.012,0.519,8.990
402,4,val3,78,7.954,0.014,1.023,8.990
403,0,val1,86,8.683,0.013,0.303,8.999
404,0,val3,88,8.886,0.012,0.104,9.002
405,0,val3,87,8.784,0.014,0.208,9.006
406,0,val1,85,8.583,0.013,0.411,9.007
407,0,val3,83,8.381,0.013,0.613,9.007
408,0,val2,84,8.482,0.013,0.512,9.007
409,0,val3,82,8.281,0.013,0.714,9.008
410,0,val3,81,8.180,0.013,0.815,9.008
411,0,val3,80,8.080,0.013,0.915,9.008
412,0,val3,79,7.980,0.021,1.016,9.016
413,1,val3,88,8.912,0.012,0.102,9.026
414,1,val1,87,8.812,0.013,0.202,9.027
415,1,val3,86,8.711,0.013,0.308,9.032
416,1,val2,85,8.610,0.013,0.410,9.032
417,1,val3,83,8.408,0.012,0.612,9.032
418,1,val1,84,8.509,0.013,0.511,9.033
419,1,val3,81,8.207,0.012,0.817,9.035
420,1,val1,80,8.106,0.012,0.917,9.035
421,1,val1,82,8.307,0.013,0.715,9.036
422,1,val3,79,8.005,0.013,1.018,9.036
423,2,val3,87,8.834,0.013,0.206,9.053
424,2,val3,83,8.429,0.013,0.611,9.053
425,2,val3,85,8.632,0.014,0.408,9.053
426,2,val2,86,8.733,0.013,0.308,9.054
427,3,val2,84,8.536,0.017,0.508,9.060
428,2,val3,80,8.128,0.014,0.920,9.062
429,3,val3,85,8.637,0.020,0.406,9.063
430,2,val2,81,8.229,0.013,0.821,9.063
431,2,val2,82,8.329,0.016,0.718,9.063
432,2,val1,84,8.530,0.013,0.520,9.063
433,3,val2,86,8.738,0.020,0.307,9.064
434,3,val1,87,8.839,0.014,0.212,9.065
435,3,val1,79,8.031,0.015,1.020,9.065
436,3,val1,83,8.435,0.014,0.616,9.065
437,2,val2,79,8.027,0.015,1.023,9.066
438,3,val1,88,8.939,0.023,0.104,9.066
439,4,val3,87,8.860,0.013,0.203,9.076
440,3,val3,80,8.133,0.021,0.923,9.077
441,3,val2,82,8.335,0.022,0.721,9.077
442,3,val2,81,8.233,0.020,0.831,9.084
443,4,val1,97,9.869,0.013,0.107,9.990
444,4,val1,95,9.667,0.013,0.311,9.990
445,4,val1,91,9.263,0.012,0.715,9.990
446,4,val1,90,9.163,0.012,0.816,9.991
447,4,val3,92,9.364,0.012,0.619,9.994
448,4,val3,96,9.768,0.013,0.214,9.995
449,4,val3,93,9.465,0.013,0.517,9.995
450,4,val2,88,8.961,0.022,1.021,10.004
451,0,val1,98,9.895,0.012,0.102,10.009
452,0,val1,96,9.693,0.012,0.305,10.010
453,0,val2,95,9.593,0.012,0.406,10.011
454,0,val3,97,9.794,0.013,0.204,10.011
455,0,val1,92,9.291,0.012,0.712,10.014
456,0,val2,93,9.391,0.013,0.611,10.015
457,0,val1,94,9.492,0.013,0.510,10.015
458,0,val1,91,9.190,0.012,0.814,10.016
459,0,val1,90,9.089,0.013,0.915,10.017
460,0,val3,89,8.988,0.015,1.015,10.017
461,1,val2,98,9.918,0.012,0.103,10.034
462,1,val1,96,9.717,0.012,0.305,10.034
463,1,val3,97,9.818,0.012,0.204,10.034
464,1,val3,95,9.617,0.012,0.412,10.041
465,1,val1,94,9.516,0.012,0.513,10.041
466,1,val1,92,9.314,0.012,0.715,10.041
467,1,val3,93,9.415,0.012,0.614,10.042
468,1,val2,91,9.214,0.013,0.815,10.042
469,1,val1,90,9.113,0.012,0.917,10.042
470,1,val2,89,9.013,0.013,1.017,10.042
471,2,val3,95,9.642,0.012,0.407,10.061
472,2,val2,97,9.844,0.013,0.205,10.062
473,2,val2,96,9.743,0.013,0.306,10.062
474,3,val3,90,9.141,0.014,0.916,10.070
475,3,val3,91,9.242,0.013,0.815,10.070
476,3,val1,89,9.040,0.015,1.016,10.071
477,2,val1,90,9.139,0.013,0.922,10.074
478,2,val3,88,8.936,0.013,1.126,10.074
479,2,val1,94,9.541,0.013,0.520,10.074
480,2,val3,92,9.341,0.013,0.721,10.075
481,2,val3,89,9.037,0.015,1.023,10.075
482,2,val1,91,9.240,0.014,0.822,10.075
483,3,val2,97,9.846,0.022,0.207,10.076
484,2,val2,93,9.441,0.013,0.622,10.076
485,3,val2,94,9.544,0.014,0.519,10.076
486,3,val2,93,9.443,0.022,0.611,10.076
487,3,val2,92,9.343,0.014,0.720,10.077
488,3,val2,96,9.745,0.023,0.309,10.077
489,3,val3,95,9.645,0.021,0.412,10.078
490,4,val2,89,9.062,0.014,1.017,10.093
491,4,val2,94,9.566,0.013,0.514,10.093
492,3,val1,107,10.855,0.014,0.110,10.980
493,3,val1,105,10.654,0.014,0.313,10.981
494,2,val1,106,10.750,0.013,0.218,10.981
495,3,val1,99,10.049,0.014,0.918,10.981
496,3,val1,102,10.352,0.013,0.616,10.982
497,2,val1,104,10.549,0.013,0.420,10.982
498,2,val1,101,10.247,0.013,0.722,10.982
499,3,val1,101,10.252,0.019,0.712,10.982
500,3,val3,103,10.452,0.020,0.515,10.987
501,2,val3,100,10.146,0.013,0.828,10.987
502,2,val3,99,10.045,0.013,0.930,10.988
503,2,val3,102,10.347,0.016,0.626,10.988
504,3,val1,98,9.947,0.024,1.024,10.995
505,4,val1,104,10.575,0.013,0.410,10.997
506,4,val1,102,10.374,0.013,0.611,10.997
507,4,val2,105,10.676,0.013,0.309,10.998
508,4,val1,107,10.879,0.014,0.105,10.998
509,4,val2,103,10.474,0.014,0.510,10.998
510,4,val2,106,10.777,0.016,0.206,10.999
511,4,val3,100,10.173,0.012,0.814,11.000
512,4,val3,99,10.072,0.013,0.915,11.000
513,4,val2,101,10.274,0.014,0.713,11.001
514,0,val2,100,10.096,0.013,0.912,11.021
515,0,val2,108,10.907,0.013,0.102,11.022
516,4,val2,98,9.971,0.021,1.030,11.022
517,0,val3,106,10.706,0.012,0.311,11.029
518,0,val1,104,10.504,0.012,0.513,11.029
519,0,val3,101,10.198,0.013,0.818,11.030
520,0,val1,103,10.402,0.013,0.615,11.030
521,0,val3,99,9.995,0.013,1.022,11.030
522,0,val3,102,10.301,0.013,0.717,11.031
523,0,val3,107,10.807,0.015,0.210,11.031
524,0,val3,105,10.605,0.014,0.412,11.031
525,1,val1,108,10.924,0.012,0.103,11.039
526,1,val1,106,10.723,0.012,0.305,11.040
527,1,val2,107,10.824,0.013,0.204,11.041
528,1,val2,105,10.622,0.013,0.414,11.049
529,1,val3,103,10.421,0.012,0.616,11.050
530,1,val2,104,10.522,0.012,0.516,11.050
531,1,val3,100,10.120,0.012,0.919,11.050
532,1,val2,102,10.320,0.012,0.719,11.051
533,1,val2,101,10.220,0.013,0.818,11.051
534,1,val2,99,10.019,0.013,1.019,11.051
535,2,val2,107,10.851,0.014,0.207,11.071
536,2,val3,103,10.448,0.013,0.613,11.074
537,2,val2,98,9.945,0.014,1.119,11.078
538,2,val2,105,10.649,0.013,0.416,11.078
539,3,val2,106,10.755,0.015,0.309,11.079
540,3,val2,104,10.553,0.015,0.511,11.079
541,3,val2,100,10.150,0.014,0.915,11.079
542,3,val1,113,11.459,0.015,0.506,11.980
543,2,val1,115,11.656,0.013,0.311,11.981
544,3,val1,114,11.560,0.013,0.408,11.981
545,2,val1,110,11.153,0.013,0.816,11.982
546,2,val1,111,11.254,0.013,0.715,11.983
547,2,val1,109,11.052,0.013,0.917,11.983
548,2,val2,113,11.455,0.014,0.516,11.985
549,2,val2,114,11.556,0.013,0.416,11.985
550,3,val2,110,11.158,0.014,0.815,11.987
551,3,val2,109,11.057,0.014,0.916,11.987
552,3,val2,112,11.359,0.015,0.614,11.988
553,3,val1,111,11.258,0.020,0.710,11.989
554,3,val3,117,11.861,0.022,0.107,11.990
555,2,val3,108,10.952,0.013,1.025,11.991
556,3,val2,108,10.956,0.020,1.014,11.991
557,3,val3,115,11.661,0.015,0.316,11.991
558,2,val3,112,11.355,0.014,0.623,11.991
559,3,val3,116,11.761,0.021,0.210,11.991
560,4,val2,117,11.887,0.013,0.103,12.003
561,4,val3,115,11.686,0.012,0.306,12.003
562,4,val3,116,11.786,0.014,0.203,12.004
563,4,val2,113,11.484,0.012,0.513,12.010
564,4,val2,112,11.383,0.012,0.615,12.010
565,4,val1,109,11.080,0.013,0.917,12.010
566,4,val1,108,10.980,0.017,1.015,12.011
567,4,val3,110,11.181,0.014,0.817,12.013
568,4,val3,111,11.282,0.013,0.719,12.013
569,4,val3,114,11.585,0.017,0.412,12.013
570,0,val2,118,11.912,0.013,0.106,12.031
571,0,val1,116,11.710,0.012,0.309,12.031
572,0,val1,117,11.811,0.013,0.207,12.031
573,0,val2,115,11.609,0.012,0.410,12.032
574,0,val3,114,11.509,0.012,0.511,12.032
575,0,val3,113,11.409,0.013,0.611,12.032
576,0,val3,111,11.208,0.013,0.812,12.033
577,0,val1,110,11.108,0.012,0.914,12.034
578,0,val3,109,11.007,0.012,1.014,12.034
579,0,val3,112,11.308,0.016,0.710,12.034
580,1,val3,117,11.829,0.012,0.204,12.045
581,1,val1,118,11.930,0.013,0.103,12.046
582,1,val1,116,11.729,0.013,0.308,12.049
583,1,val2,114,11.527,0.013,0.510,12.050
584,1,val2,113,11.427,0.012,0.611,12.050
585,1,val2,115,11.628,0.013,0.409,12.050
586,1,val3,112,11.327,0.013,0.713,12.053
587,1,val2,110,11.125,0.012,0.916,12.053
588,1,val2,111,11.226,0.013,0.814,12.054
589,1,val1,109,11.025,0.015,1.019,12.059
590,2,val3,116,11.757,0.012,0.305,12.074
591,2,val3,117,11.857,0.013,0.210,12.080
592,2,val1,127,12.865,0.012,0.104,12.982
593,2,val1,124,12.563,0.013,0.407,12.982
594,2,val3,125,12.664,0.013,0.311,12.988
595,2,val3,126,12.765,0.013,0.210,12.988
596,2,val2,122,12.362,0.014,0.613,12.988
597,3,val2,127,12.873,0.013,0.102,12.988
598,3,val2,126,12.771,0.015,0.203,12.989
599,3,val3,124,12.569,0.015,0.407,12.990
600,2,val3,123,12.462,0.015,0.516,12.993
601,2,val3,119,12.060,0.013,0.920,12.993
602,3,val1,119,12.063,0.014,0.916,12.993
603,2,val1,121,12.260,0.013,0.720,12.994
604,2,val3,120,12.160,0.014,0.820,12.994
605,3,val1,123,12.467,0.014,0.512,12.994
606,3,val3,125,12.670,0.017,0.306,12.994
607,3,val2,121,12.265,0.015,0.714,12.994
608,3,val2,122,12.366,0.020,0.609,12.995
609,2,val3,118,11.958,0.020,1.017,12.995
610,3,val3,120,12.164,0.021,0.811,12.996
611,4,val3,127,12.896,0.013,0.103,13.012
612,4,val3,125,12.695,0.012,0.305,13.012
613,4,val1,126,12.796,0.014,0.205,13.015
614,3,val3,118,11.962,0.030,1.023,13.015
615,4,val1,124,12.594,0.012,0.409,13.016
616,4,val3,123,12.493,0.012,0.513,13.018
617,4,val2,122,12.391,0.012,0.615,13.019
618,4,val1,120,12.189,0.012,0.818,13.019
619,4,val3,119,12.088,0.013,0.918,13.019
620,4,val2,121,12.290,0.013,0.717,13.020
621,0,val1,128,12.918,0.012,0.102,13.032
622,0,val2,127,12.817,0.013,0.205,13.035
623,0,val3,126,12.717,0.013,0.306,13.035
624,0,val3,125,12.616,0.013,0.407,13.036
625,4,val3,118,11.987,0.027,1.024,13.038
626,0,val3,124,12.516,0.013,0.515,13.044
627,0,val1,122,12.315,0.013,0.717,13.044
628,0,val1,123,12.416,0.013,0.616,13.045
629,0,val1,121,12.214,0.013,0.818,13.045
630,0,val1,119,12.013,0.013,1.019,13.045
631,0,val2,120,12.114,0.013,0.926,13.052
632,1,val3,127,12.837,0.013,0.205,13.055
633,1,val2,124,12.535,0.013,0.508,13.055
634,1,val3,125,12.636,0.013,0.407,13.056
635,1,val1,126,12.736,0.013,0.311,13.060
636,1,val3,123,12.434,0.013,0.615,13.062
637,1,val3,121,12.233,0.013,0.816,13.062
638,1,val3,119,12.030,0.013,1.019,13.062
639,1,val2,122,12.333,0.013,0.716,13.063
640,1,val1,120,12.132,0.014,0.917,13.063
641,2,val1,137,13.872,0.013,0.103,13.988
642,2,val2,136,13.771,0.012,0.206,13.989
643,2,val1,135,13.670,0.012,0.314,13.997
644,3,val1,136,13.780,0.014,0.204,13.997
645,2,val3,133,13.469,0.013,0.517,13.998
646,3,val1,137,13.881,0.015,0.102,13.998
647,3,val2,132,13.378,0.014,0.610,14.001
648,2,val1,131,13.268,0.013,0.722,14.002
649,2,val1,132,13.369,0.012,0.621,14.002
650,3,val2,135,13.679,0.012,0.310,14.002
651,2,val2,130,13.167,0.013,0.823,14.003
652,2,val2,134,13.570,0.013,0.420,14.003
653,2,val1,129,13.066,0.013,0.924,14.003
654,3,val1,134,13.579,0.016,0.412,14.006
655,3,val2,130,13.176,0.014,0.816,14.006
656,3,val1,131,13.277,0.014,0.716,14.007
657,3,val3,133,13.478,0.016,0.513,14.007
658,3,val1,129,13.076,0.015,0.917,14.008
659,4,val3,137,13.903,0.013,0.104,14.020
660,4,val2,136,13.803,0.013,0.205,14.020
661,3,val1,128,12.974,0.029,1.017,14.021
662,4,val1,135,13.702,0.012,0.307,14.021
663,4,val2,134,13.601,0.013,0.408,14.021
664,4,val1,133,13.501,0.013,0.508,14.022
665,2,val1,128,12.966,0.028,1.027,14.022
666,4,val2,130,13.198,0.012,0.816,14.027
667,4,val1,132,13.400,0.013,0.614,14.027
668,4,val3,129,13.098,0.012,0.917,14.027
669,4,val2,131,13.299,0.013,0.715,14.028
670,4,val1,128,12.997,0.019,1.023,14.039
671,0,val3,136,13.723,0.012,0.305,14.041
672,0,val3,137,13.824,0.013,0.204,14.041
673,0,val3,138,13.925,0.014,0.102,14.041
674,0,val2,135,13.622,0.013,0.409,14.045
675,0,val1,134,13.522,0.012,0.511,14.045
676,0,val2,133,13.421,0.012,0.612,14.045
677,0,val3,132,13.321,0.012,0.712,14.046
678,0,val1,130,13.120,0.013,0.915,14.048
679,0,val3,131,13.220,0.013,0.823,14.056
680,0,val3,129,13.019,0.013,1.025,14.057
681,1,val2,135,13.641,0.012,0.407,14.060
682,1,val3,136,13.741,0.013,0.306,14.061
683,1,val3,134,13.540,0.013,0.508,14.061
684,1,val1,133,13.440,0.012,0.610,14.061
685,1,val1,137,13.842,0.013,0.207,14.062
686,1,val1,132,13.339,0.013,0.714,14.066
687,1,val2,131,13.238,0.013,0.815,14.066
688,1,val2,129,13.038,0.013,1.016,14.067
689,1,val3,130,13.138,0.013,0.916,14.067
690,1,val2,128,12.937,0.013,1.117,14.067
691,1,val1,140,14.144,0.012,0.824,14.980
692,1,val1,142,14.345,0.012,0.624,14.981
693,2,val2,145,14.681,0.013,0.309,15.003
694,2,val2,146,14.782,0.013,0.208,15.004
695,3,val1,144,14.586,0.013,0.404,15.004
696,3,val3,145,14.687,0.013,0.305,15.004
697,2,val2,147,14.884,0.015,0.107,15.005
698,2,val3,144,14.580,0.014,0.411,15.006
699,2,val3,141,14.277,0.012,0.717,15.006
700,2,val1,142,14.378,0.013,0.616,15.006
701,2,val1,143,14.479,0.013,0.515,15.007
702,2,val2,139,14.075,0.013,0.923,15.011
703,2,val3,138,13.973,0.026,1.015,15.014
704,2,val3,140,14.176,0.013,0.825,15.014
705,3,val1,142,14.384,0.018,0.613,15.015
706,3,val2,146,14.787,0.020,0.208,15.015
707,3,val2,140,14.184,0.014,0.818,15.016
708,3,val1,143,14.485,0.018,0.513,15.016
709,3,val2,147,14.888,0.022,0.106,15.016
710,3,val3,139,14.083,0.013,0.921,15.017
711,3,val3,141,14.284,0.020,0.713,15.017
712,3,val2,138,13.982,0.021,1.015,15.017
713,4,val2,145,14.708,0.013,0.305,15.025
714,4,val1,147,14.910,0.013,0.103,15.026
715,4,val3,146,14.809,0.013,0.205,15.027
716,4,val2,143,14.507,0.013,0.513,15.033
717,4,val3,144,14.607,0.013,0.412,15.033
718,4,val2,142,14.406,0.013,0.614,15.033
719,4,val3,140,14.205,0.013,0.816,15.033
720,4,val2,141,14.305,0.013,0.715,15.034
721,4,val2,139,14.104,0.013,0.917,15.034
722,4,val3,138,14.003,0.013,1.018,15.034
723,0,val2,148,14.932,0.012,0.103,15.048
724,0,val3,147,14.831,0.012,0.204,15.048
725,0,val1,146,14.731,0.013,0.305,15.048
726,0,val3,145,14.630,0.013,0.406,15.050
727,0,val2,141,14.227,0.012,0.814,15.054
728,0,val2,140,14.126,0.013,0.914,15.054
729,0,val1,142,14.328,0.013,0.721,15.061
730,0,val1,143,14.429,0.012,0.621,15.062
731,0,val1,139,14.026,0.013,1.023,15.062
732,0,val1,144,14.529,0.014,0.519,15.063
733,1,val2,146,14.748,0.012,0.306,15.065
734,1,val2,145,14.647,0.012,0.406,15.066
735,1,val2,147,14.848,0.013,0.205,15.066
736,1,val3,141,14.244,0.012,0.819,15.076
737,1,val2,143,14.446,0.014,0.616,15.076
738,1,val3,144,14.547,0.013,0.516,15.076
739,1,val3,139,14.043,0.013,1.020,15.077
740,1,val3,138,13.943,0.015,1.120,15.077
741,1,val1,156,15.753,0.013,0.205,15.970
742,1,val1,150,15.150,0.013,0.819,15.981
743,1,val2,152,15.351,0.013,0.622,15.986
744,1,val2,153,15.451,0.013,0.522,15.987
745,1,val3,149,15.050,0.015,0.923,15.987
746,1,val2,148,14.949,0.014,1.024,15.987
747,1,val3,151,15.250,0.012,0.725,15.988
748,2,val1,157,15.896,0.013,0.103,16.012
749,3,val3,151,15.292,0.013,0.708,16.014
750,3,val3,157,15.899,0.015,0.102,16.015
751,3,val2,155,15.698,0.014,0.306,16.018
752,3,val3,149,15.090,0.015,0.913,16.018
753,2,val3,156,15.795,0.014,0.210,16.019
754,2,val3,153,15.492,0.016,0.511,16.019
755,2,val3,152,15.391,0.015,0.614,16.020
756,2,val2,154,15.593,0.014,0.413,16.020
757,3,val1,156,15.798,0.015,0.212,16.025
758,2,val1,148,14.985,0.013,1.027,16.025
759,2,val1,149,15.087,0.013,0.926,16.026
760,2,val1,150,15.189,0.013,0.824,16.026
761,2,val1,155,15.694,0.013,0.320,16.027
762,4,val1,156,15.815,0.013,0.203,16.030
763,4,val3,157,15.916,0.014,0.102,16.031
764,2,val2,151,15.291,0.014,0.727,16.032
765,4,val2,155,15.714,0.013,0.306,16.033
766,4,val3,154,15.613,0.013,0.407,16.033
767,3,val2,153,15.494,0.014,0.527,16.035
768,3,val2,152,15.393,0.014,0.628,16.035
769,3,val2,154,15.595,0.023,0.417,16.035
770,3,val2,148,14.989,0.016,1.031,16.036
771,3,val1,150,15.192,0.021,0.823,16.036
772,4,val2,152,15.413,0.013,0.617,16.042
773,4,val2,151,15.312,0.013,0.718,16.043
774,4,val1,150,15.211,0.013,0.819,16.043
775,4,val3,149,15.111,0.013,0.920,16.043
776,4,val1,153,15.513,0.015,0.515,16.043
777,4,val2,148,15.010,0.016,1.018,16.044
778,0,val2,156,15.738,0.013,0.305,16.056
779,0,val1,155,15.638,0.012,0.410,16.060
780,0,val1,157,15.839,0.013,0.209,16.061
781,0,val2,150,15.135,0.013,0.916,16.063
782,1,val1,157,15.853,0.013,0.203,16.069
783,0,val3,154,15.538,0.012,0.520,16.070
784,0,val3,153,15.437,0.012,0.621,16.070
785,0,val3,152,15.336,0.012,0.722,16.071
786,0,val3,149,15.033,0.014,1.024,16.071
787,0,val3,151,15.236,0.016,0.820,16.071
788,1,val2,155,15.653,0.012,0.410,16.075
789,1,val3,154,15.552,0.012,0.511,16.075
790,1,val3,166,16.759,0.013,0.204,16.976
791,0,val3,160,16.142,0.012,0.822,16.976
792,0,val3,162,16.343,0.013,0.621,16.976
793,0,val3,158,15.940,0.013,1.024,16.977
794,0,val2,159,16.041,0.014,0.933,16.987
795,1,val2,163,16.458,0.015,0.514,16.987
796,1,val2,165,16.659,0.013,0.316,16.988
797,1,val3,162,16.357,0.013,0.619,16.988
798,1,val3,164,16.558,0.013,0.418,16.989
799,1,val3,158,15.954,0.013,1.022,16.989
800,1,val3,161,16.257,0.012,0.721,16.990
801,1,val3,159,16.056,0.015,0.920,16.990
802,1,val3,160,16.156,0.016,0.819,16.991
803,2,val3,167,16.902,0.013,0.102,17.017
804,2,val1,165,16.701,0.013,0.307,17.020
805,2,val1,162,16.398,0.012,0.611,17.021
806,2,val1,164,16.600,0.014,0.407,17.022
807,2,val2,163,16.499,0.013,0.512,17.024
808,2,val2,166,16.801,0.014,0.210,17.025
809,3,val2,167,16.909,0.014,0.102,17.025
810,3,val3,166,16.808,0.014,0.204,17.026
811,2,val3,161,16.298,0.013,0.718,17.029
812,2,val3,159,16.097,0.013,0.919,17.030
813,3,val3,163,16.505,0.014,0.511,17.030
814,3,val3,165,16.707,0.018,0.305,17.031
815,3,val2,160,16.202,0.013,0.821,17.037
816,4,val2,167,16.921,0.013,0.102,17.037
817,4,val3,162,16.418,0.013,0.606,17.037
818,3,val2,162,16.404,0.014,0.619,17.037
819,4,val2,163,16.519,0.012,0.508,17.039
820,4,val2,165,16.720,0.015,0.308,17.043
821,3,val2,161,16.303,0.015,0.721,17.039
822,3,val3,159,16.101,0.020,0.918,17.039
823,4,val2,160,16.217,0.012,0.814,17.043
824,3,val1,164,16.606,0.020,0.418,17.044
825,4,val2,164,16.619,0.015,0.410,17.044
826,2,val1,158,15.996,0.016,1.032,17.044
827,4,val1,161,16.318,0.014,0.713,17.045
828,3,val1,158,16.001,0.025,1.018,17.045
829,2,val1,160,16.197,0.013,0.834,17.045
830,4,val1,166,16.821,0.016,0.209,17.046
831,4,val3,159,16.117,0.015,0.915,17.047
832,4,val2,158,16.017,0.015,1.016,17.047
833,0,val2,166,16.746,0.013,0.307,17.066
834,0,val2,164,16.544,0.012,0.510,17.066
835,0,val2,163,16.443,0.013,0.610,17.067
836,0,val3,167,16.846,0.013,0.208,17.067
837,0,val1,165,16.645,0.014,0.411,17.069
838,1,val1,167,16.860,0.013,0.207,17.080
839,0,val1,161,16.242,0.013,0.826,17.080
840,0,val1,177,17.854,0.012,0.102,17.969
841,4,val1,168,17.022,0.024,0.924,17.970
842,0,val1,169,17.048,0.013,0.921,17.981
843,1,val3,176,17.767,0.013,0.205,17.985
844,0,val3,168,16.947,0.014,1.025,17.986
845,1,val3,177,17.869,0.012,0.105,17.986
846,1,val1,172,17.363,0.012,0.613,17.988
847,1,val1,174,17.565,0.013,0.411,17.989
848,1,val1,170,17.162,0.012,0.815,17.989
849,1,val3,173,17.464,0.014,0.511,17.989
850,1,val1,171,17.262,0.012,0.715,17.990
851,1,val1,175,17.665,0.016,0.308,17.990
852,1,val3,169,17.061,0.018,0.912,17.991
853,1,val1,168,16.960,0.019,1.023,18.003
854,2,val2,176,17.809,0.013,0.204,18.026
855,2,val2,177,17.910,0.013,0.103,18.027
856,2,val3,172,17.406,0.013,0.615,18.033
857,3,val1,176,17.816,0.015,0.203,18.033
858,2,val3,175,17.708,0.013,0.314,18.034
859,2,val3,170,17.204,0.013,0.818,18.035
860,2,val1,174,17.607,0.014,0.415,18.035
861,2,val1,173,17.506,0.014,0.516,18.036
862,2,val1,168,17.003,0.013,1.025,18.040
863,3,val1,173,17.513,0.019,0.509,18.041
864,2,val1,171,17.305,0.013,0.722,18.041
865,3,val1,174,17.614,0.021,0.407,18.041
866,3,val2,175,17.715,0.014,0.317,18.045
867,2,val2,169,17.103,0.014,0.929,18.046
868,4,val3,174,17.626,0.013,0.407,18.046
869,4,val2,175,17.728,0.013,0.306,18.047
870,4,val2,176,17.829,0.013,0.204,18.047
871,3,val2,172,17.413,0.014,0.621,18.047
872,3,val2,177,17.917,0.019,0.111,18.048
873,4,val3,177,17.930,0.015,0.103,18.047
874,3,val2,171,17.312,0.015,0.721,18.048
875,3,val3,169,17.111,0.014,0.924,18.048
876,3,val2,170,17.212,0.013,0.823,18.049
877,3,val1,168,17.011,0.021,1.017,18.049
878,4,val2,172,17.424,0.013,0.614,18.052
879,4,val2,173,17.525,0.014,0.513,18.052
880,4,val2,171,17.324,0.014,0.715,18.052
881,4,val1,170,17.223,0.012,0.819,18.054
882,4,val1,169,17.122,0.014,0.922,18.059
883,0,val2,176,17.753,0.012,0.307,18.072
884,0,val3,174,17.552,0.012,0.510,18.073
885,0,val3,175,17.652,0.012,0.409,18.074
886,0,val3,173,17.451,0.012,0.611,18.074
887,0,val3,170,17.149,0.012,0.914,18.075
888,0,val3,172,17.350,0.013,0.712,18.075
889,0,val2,171,17.250,0.013,0.815,18.077
890,0,val1,184,18.561,0.012,0.409,18.982
891,0,val1,185,18.661,0.012,0.311,18.984
892,0,val1,181,18.259,0.012,0.713,18.984
893,0,val1,183,18.460,0.013,0.512,18.985
894,0,val1,180,18.159,0.013,0.814,18.985
895,1,val3,187,18.882,0.013,0.103,18.998
896,1,val3,186,18.781,0.014,0.204,18.999
897,0,val2,178,17.957,0.019,1.024,19.000
898,1,val1,181,18.274,0.012,0.718,19.004
899,1,val2,183,18.477,0.014,0.513,19.005
900,1,val1,179,18.071,0.013,0.921,19.005
901,1,val1,180,18.172,0.013,0.820,19.005
902,1,val1,182,18.376,0.013,0.617,19.006
903,1,val1,184,18.578,0.014,0.414,19.006
904,1,val1,185,18.680,0.016,0.311,19.006
905,1,val2,178,17.970,0.029,1.014,19.013
906,2,val3,186,18.817,0.015,0.210,19.042
907,2,val2,184,18.615,0.013,0.415,19.043
908,2,val3,185,18.716,0.013,0.314,19.043
909,2,val2,187,18.919,0.014,0.111,19.044
910,2,val3,182,18.414,0.013,0.618,19.044
911,2,val2,181,18.313,0.013,0.719,19.045
912,3,val3,187,18.927,0.015,0.104,19.045
913,2,val2,183,18.514,0.013,0.518,19.045
914,3,val3,184,18.624,0.013,0.409,19.046
915,2,val2,178,18.012,0.015,1.019,19.046
916,2,val3,179,18.112,0.013,0.921,19.046
917,4,val3,183,18.534,0.013,0.504,19.051
918,4,val2,186,18.836,0.014,0.203,19.053
919,2,val3,180,18.212,0.013,0.828,19.053
920,3,val3,181,18.321,0.015,0.719,19.055
921,3,val3,178,18.019,0.015,1.021,19.056
922,4,val2,184,18.635,0.014,0.408,19.057
923,4,val3,180,18.233,0.013,0.812,19.057
924,4,val3,182,18.434,0.014,0.613,19.061
925,4,val2,181,18.333,0.014,0.714,19.061
926,4,val3,179,18.132,0.014,0.917,19.062
927,4,val2,178,18.030,0.018,1.015,19.063
928,4,val1,185,18.736,0.015,0.312,19.063
929,4,val1,187,18.937,0.024,0.102,19.063
930,3,val1,185,18.725,0.013,0.325,19.063
931,3,val1,186,18.826,0.014,0.224,19.064
932,3,val1,183,18.523,0.014,0.527,19.064
933,3,val1,182,18.422,0.014,0.629,19.064
934,3,val1,179,18.119,0.014,0.932,19.065
935,3,val1,180,18.220,0.014,0.830,19.065
936,0,val3,186,18.763,0.013,0.305,19.080
937,0,val3,187,18.864,0.013,0.210,19.088
938,0,val3,179,18.058,0.013,1.017,19.088
939,0,val3,182,18.360,0.013,0.716,19.089
940,0,val1,194,19.569,0.013,0.411,19.993
941,0,val1,196,19.770,0.013,0.210,19.993
942,0,val1,192,19.367,0.013,0.613,19.993
943,0,val1,189,19.066,0.013,0.915,19.994
944,0,val2,193,19.468,0.013,0.516,19.997
945,0,val2,195,19.669,0.013,0.316,19.998
946,0,val2,190,19.166,0.013,0.820,19.999
947,0,val3,191,19.267,0.013,0.723,20.003
948,1,val2,197,19.894,0.013,0.102,20.009
949,1,val2,196,19.794,0.013,0.205,20.012
950,1,val3,195,19.693,0.013,0.306,20.012
951,1,val3,193,19.492,0.012,0.509,20.013
952,1,val1,194,19.593,0.012,0.408,20.013
953,0,val3,188,18.965,0.020,1.029,20.014
954,1,val2,189,19.086,0.013,0.922,20.020
955,1,val1,188,18.984,0.013,1.023,20.020
956,1,val3,190,19.188,0.013,0.820,20.021
957,1,val1,191,19.290,0.013,0.718,20.021
958,1,val2,192,19.392,0.013,0.617,20.021
959,2,val3,196,19.826,0.013,0.203,20.042
960,3,val2,196,19.834,0.013,0.204,20.051
961,2,val2,197,19.926,0.013,0.112,20.052
962,2,val2,195,19.725,0.012,0.315,20.052
963,2,val3,194,19.624,0.013,0.415,20.052
964,3,val3,195,19.733,0.014,0.306,20.053
965,3,val2,194,19.632,0.014,0.407,20.053
966,2,val3,193,19.524,0.014,0.515,20.053
967,2,val3,192,19.423,0.013,0.617,20.053
968,2,val2,191,19.323,0.015,0.716,20.054
969,3,val1,190,19.229,0.014,0.818,20.061
970,2,val1,189,19.122,0.014,0.926,20.062
971,3,val3,189,19.128,0.014,0.920,20.062
972,2,val3,188,19.020,0.013,1.029,20.062
973,2,val3,190,19.222,0.013,0.828,20.063
974,3,val3,191,19.329,0.015,0.719,20.063
975,3,val1,197,19.936,0.024,0.103,20.063
976,3,val2,192,19.430,0.016,0.617,20.063
977,4,val1,195,19.743,0.014,0.307,20.063
978,3,val3,193,19.530,0.019,0.514,20.064
979,4,val3,196,19.844,0.014,0.205,20.064
980,4,val2,194,19.642,0.016,0.407,20.065
981,3,val2,188,19.028,0.017,1.021,20.066
982,4,val3,189,19.138,0.015,0.916,20.069
983,4,val2,192,19.440,0.018,0.611,20.070
984,4,val1,191,19.340,0.014,0.720,20.074
985,4,val1,193,19.541,0.015,0.519,20.075
986,4,val1,188,19.038,0.015,1.023,20.075
987,4,val1,190,19.240,0.015,0.831,20.086
988,0,val2,197,19.871,0.013,0.203,20.086
989,4,val3,198,20.046,0.019,0.915,20.979
990,3,val1,201,20.339,0.014,0.631,20.984
991,4,val1,202,20.449,0.015,0.519,20.984
992,4,val1,204,20.652,0.015,0.318,20.984
993,4,val1,201,20.348,0.016,0.620,20.985
994,0,val3,206,20.777,0.012,0.203,20.991
995,0,val3,207,20.877,0.012,0.103,20.992
996,0,val1,205,20.676,0.013,0.308,20.996
997,4,val1,197,19.944,0.033,1.021,20.998
998,0,val3,204,20.575,0.013,0.412,21.000
999,0,val3,202,20.374,0.013,0.614,21.000
1000,0,val2,203,20.474,0.013,0.513,21.001
1001,0,val2,201,20.273,0.013,0.714,21.001
1002,0,val1,200,20.172,0.013,0.816,21.001
1003,0,val1,199,20.072,0.014,0.916,21.002
1004,0,val3,198,19.971,0.019,1.013,21.003
1005,1,val2,207,20.901,0.013,0.102,21.016
1006,1,val3,205,20.699,0.012,0.307,21.019
1007,1,val1,204,20.598,0.012,0.408,21.019
1008,1,val2,203,20.498,0.013,0.509,21.019
1009,1,val2,206,20.800,0.015,0.205,21.020
1010,1,val3,201,20.296,0.012,0.716,21.025
1011,1,val1,202,20.397,0.013,0.615,21.025
1012,1,val2,199,20.096,0.012,0.918,21.025
1013,1,val3,200,20.196,0.012,0.817,21.026
1014,1,val1,198,19.995,0.015,1.016,21.026
1015,2,val2,205,20.736,0.013,0.305,21.054
1016,2,val2,206,20.837,0.014,0.204,21.054
1017,2,val2,204,20.634,0.016,0.406,21.055
1018,2,val1,198,20.028,0.012,1.021,21.061
1019,2,val1,203,20.534,0.016,0.512,21.062
1020,3,val3,205,20.743,0.014,0.306,21.064
1021,2,val3,200,20.230,0.013,0.820,21.063
1022,2,val3,202,20.433,0.012,0.619,21.064
1023,3,val3,204,20.642,0.015,0.407,21.064
1024,3,val2,206,20.844,0.019,0.209,21.072
1025,2,val2,199,20.129,0.012,0.931,21.072
1026,3,val2,203,20.541,0.014,0.517,21.073
1027,4,val3,203,20.551,0.014,0.511,21.077
1028,2,val3,201,20.333,0.013,0.731,21.077
1029,3,val3,202,20.440,0.016,0.620,21.077
1030,3,val3,199,20.139,0.014,0.925,21.078
1031,3,val2,198,20.037,0.015,1.026,21.078
1032,4,val2,205,20.753,0.014,0.312,21.080
1033,4,val3,199,20.147,0.017,0.916,21.080
1034,4,val2,206,20.854,0.021,0.208,21.084
1035,3,val2,200,20.239,0.015,0.830,21.084
1036,4,val2,200,20.247,0.018,0.820,21.085
1037,3,val3,214,21.654,0.015,0.307,21.976
1038,2,val3,208,21.039,0.013,0.924,21.977
1039,3,val3,209,21.146,0.018,0.813,21.977
1040,2,val3,209,21.140,0.013,0.824,21.978
1041,4,val2,210,21.260,0.013,0.707,21.980
1042,3,val1,211,21.349,0.012,0.620,21.981
1043,3,val1,208,21.046,0.014,0.922,21.982
1044,3,val1,216,21.857,0.013,0.111,21.982
1045,4,val2,211,21.361,0.012,0.609,21.982
1046,3,val1,210,21.248,0.014,0.720,21.982
1047,4,val1,213,21.563,0.014,0.407,21.984
1048,4,val1,215,21.765,0.015,0.205,21.985
1049,4,val1,216,21.867,0.015,0.103,21.985
1050,4,val3,214,21.664,0.017,0.308,21.988
1051,4,val2,208,21.058,0.015,0.920,21.992
1052,3,val2,207,20.945,0.020,1.028,21.993
1053,4,val2,212,21.462,0.013,0.517,21.993
1054,4,val1,209,21.159,0.015,0.822,21.996
1055,0,val2,216,21.782,0.012,0.203,21.997
1056,0,val1,217,21.883,0.013,0.102,21.998
1057,0,val3,214,21.581,0.012,0.409,22.002
1058,4,val2,207,20.956,0.026,1.020,22.003
1059,0,val3,215,21.681,0.013,0.309,22.002
1060,0,val3,213,21.480,0.013,0.512,22.005
1061,0,val2,211,21.280,0.012,0.714,22.006
1062,0,val2,210,21.179,0.012,0.815,22.006
1063,0,val1,212,21.380,0.013,0.614,22.006
1064,0,val3,209,21.079,0.014,0.914,22.007
1065,0,val1,208,20.978,0.019,1.016,22.013
1066,1,val2,216,21.811,0.013,0.203,22.027
1067,1,val2,217,21.912,0.013,0.102,22.027
1068,1,val2,215,21.710,0.012,0.312,22.035
1069,1,val3,209,21.101,0.012,0.922,22.035
1070,1,val3,210,21.203,0.012,0.821,22.035
1071,1,val3,208,21.001,0.012,1.023,22.036
1072,1,val1,212,21.406,0.013,0.617,22.036
1073,1,val3,211,21.304,0.013,0.719,22.037
1074,1,val3,213,21.508,0.013,0.516,22.037
1075,1,val2,214,21.610,0.014,0.413,22.037
1076,2,val3,215,21.744,0.013,0.307,22.063
1077,2,val1,216,21.844,0.013,0.206,22.064
1078,2,val2,214,21.644,0.012,0.408,22.064
1079,2,val1,213,21.543,0.013,0.509,22.064
1080,3,val2,213,21.552,0.014,0.512,22.079
1081,2,val2,207,20.939,0.014,1.127,22.080
1082,2,val2,212,21.442,0.012,0.625,22.080
1083,2,val2,210,21.241,0.014,0.825,22.080
1084,3,val3,212,21.451,0.013,0.621,22.085
1085,2,val3,211,21.342,0.013,0.730,22.085
1086,3,val3,215,21.756,0.013,0.317,22.085
1087,2,val1,221,22.349,0.013,0.620,22.982
1088,2,val1,222,22.449,0.012,0.521,22.982
1089,3,val2,225,22.767,0.013,0.209,22.988
1090,2,val2,218,22.047,0.013,0.929,22.989
1091,3,val2,222,22.464,0.013,0.512,22.989
1092,2,val3,219,22.148,0.013,0.828,22.989
1093,3,val3,226,22.868,0.013,0.109,22.989
1094,3,val2,224,22.666,0.013,0.311,22.990
1095,2,val3,217,21.946,0.012,1.031,22.990
1096,3,val3,223,22.564,0.012,0.414,22.990
1097,4,val2,225,22.780,0.012,0.203,22.995
1098,4,val2,224,22.678,0.014,0.305,22.997
1099,4,val2,221,22.375,0.014,0.611,23.000
1100,4,val2,219,22.172,0.013,0.815,23.000
1101,4,val2,223,22.577,0.017,0.407,23.000
1102,4,val3,222,22.476,0.013,0.514,23.003
1103,4,val3,226,22.881,0.015,0.108,23.003
1104,4,val1,220,22.274,0.012,0.719,23.005
1105,0,val1,227,22.889,0.014,0.103,23.006
1106,3,val2,219,22.161,0.013,0.832,23.006
1107,3,val2,220,22.262,0.012,0.732,23.007
1108,3,val2,217,21.959,0.019,1.029,23.007
1109,3,val2,221,22.363,0.014,0.631,23.007
1110,3,val2,218,22.061,0.014,0.934,23.008
1111,4,val1,217,21.969,0.027,1.013,23.010
1112,0,val1,224,22.588,0.013,0.410,23.012
1113,0,val1,225,22.689,0.014,0.309,23.012
1114,0,val1,223,22.488,0.013,0.511,23.012
1115,0,val1,222,22.387,0.013,0.612,23.013
1116,0,val2,220,22.187,0.013,0.813,23.013
1117,0,val2,219,22.086,0.013,0.914,23.014
1118,4,val3,218,22.071,0.015,0.929,23.014
1119,0,val3,221,22.287,0.013,0.715,23.015
1120,0,val3,226,22.789,0.013,0.213,23.015
1121,0,val3,218,21.984,0.019,1.015,23.018
1122,1,val1,220,22.215,0.013,0.807,23.036
1123,1,val3,219,22.113,0.013,0.911,23.038
1124,1,val3,218,22.012,0.013,1.014,23.039
1125,1,val3,227,22.923,0.013,0.103,23.040
1126,1,val3,226,22.823,0.013,0.206,23.042
1127,1,val2,225,22.722,0.012,0.307,23.042
1128,1,val2,222,22.419,0.013,0.611,23.042
1129,1,val2,221,22.317,0.013,0.713,23.043
1130,1,val2,223,22.521,0.013,0.510,23.043
1131,1,val2,224,22.622,0.013,0.408,23.043
1132,2,val2,226,22.852,0.013,0.204,23.068
1133,2,val2,225,22.751,0.012,0.306,23.069
1134,2,val2,223,22.550,0.013,0.515,23.077
1135,2,val2,224,22.651,0.013,0.414,23.077
1136,2,val2,220,22.248,0.013,0.817,23.078
1137,2,val3,230,23.255,0.013,0.720,23.988
1138,2,val3,234,23.658,0.014,0.316,23.988
1139,2,val3,229,23.155,0.012,0.821,23.989
1140,2,val2,231,23.356,0.013,0.621,23.990
1141,2,val1,228,23.054,0.013,0.926,23.993
1142,3,val3,232,23.472,0.014,0.516,24.002
1143,3,val3,236,23.878,0.013,0.112,24.003
1144,4,val2,233,23.585,0.013,0.405,24.004
1145,4,val2,236,23.887,0.015,0.102,24.004
1146,2,val2,227,22.954,0.013,1.038,24.005
1147,4,val1,235,23.787,0.013,0.206,24.006
1148,3,val2,234,23.675,0.013,0.317,24.006
1149,3,val2,235,23.777,0.013,0.216,24.006
1150,3,val2,231,23.371,0.012,0.624,24.007
1151,3,val2,229,23.169,0.015,0.824,24.007
1152,3,val2,233,23.574,0.013,0.421,24.008
1153,3,val2,230,23.270,0.012,0.726,24.008
1154,3,val1,228,23.068,0.013,0.927,24.008
1155,0,val3,236,23.795,0.014,0.202,24.012
1156,4,val3,234,23.686,0.015,0.311,24.012
1157,0,val2,237,23.896,0.018,0.102,24.015
1158,4,val2,229,23.182,0.013,0.821,24.017
1159,4,val3,228,23.082,0.013,0.922,24.017
1160,4,val3,231,23.384,0.013,0.620,24.018
1161,4,val1,230,23.283,0.013,0.724,24.020
1162,4,val1,232,23.485,0.015,0.521,24.020
1163,0,val2,231,23.293,0.012,0.716,24.021
1164,0,val3,233,23.494,0.015,0.513,24.021
1165,0,val3,230,23.192,0.014,0.816,24.022
1166,0,val1,234,23.594,0.013,0.415,24.022
1167,0,val2,232,23.393,0.014,0.615,24.022
1168,0,val3,235,23.695,0.019,0.309,24.023
1169,0,val3,229,23.091,0.015,0.917,24.023
1170,0,val1,228,22.989,0.016,1.018,24.023
1171,4,val3,227,22.982,0.033,1.012,24.028
1172,3,val3,227,22.968,0.035,1.025,24.028
1173,1,val1,237,23.930,0.013,0.102,24.045
1174,1,val1,236,23.829,0.014,0.206,24.049
1175,1,val2,235,23.728,0.013,0.307,24.049
1176,1,val2,233,23.527,0.013,0.510,24.049
1177,1,val1,234,23.628,0.013,0.409,24.050
1178,1,val3,232,23.427,0.013,0.613,24.052
1179,1,val3,230,23.225,0.012,0.815,24.053
1180,1,val3,229,23.125,0.012,0.916,24.053
1181,1,val3,228,23.024,0.014,1.015,24.053
1182,1,val1,231,23.326,0.013,0.721,24.061
1183,2,val2,232,23.457,0.012,0.609,24.078
1184,2,val1,233,23.557,0.013,0.512,24.081
1185,2,val1,236,23.861,0.013,0.208,24.082
1186,2,val1,235,23.760,0.013,0.309,24.082
1187,2,val1,245,24.768,0.012,0.203,24.983
1188,2,val3,246,24.868,0.012,0.104,24.985
1189,2,val3,244,24.667,0.013,0.307,24.986
1190,2,val3,242,24.466,0.012,0.509,24.987
1191,2,val3,241,24.365,0.012,0.610,24.987
1192,2,val3,243,24.566,0.014,0.408,24.987
1193,2,val1,240,24.264,0.012,0.713,24.990
1194,2,val1,239,24.163,0.012,0.815,24.990
1195,2,val1,237,23.961,0.019,1.012,24.992
1196,2,val2,238,24.062,0.013,0.922,24.997
1197,3,val3,242,24.485,0.012,0.506,25.003
1198,3,val1,243,24.586,0.014,0.407,25.007
1199,3,val1,244,24.687,0.014,0.307,25.007
1200,3,val1,245,24.789,0.014,0.206,25.008
1201,3,val2,246,24.891,0.014,0.105,25.010
1202,4,val1,242,24.491,0.013,0.511,25.016
1203,3,val2,241,24.385,0.012,0.620,25.016
1204,3,val2,240,24.284,0.014,0.719,25.017
1205,4,val2,243,24.592,0.014,0.414,25.020
1206,4,val2,244,24.693,0.014,0.313,25.020
1207,4,val1,238,24.089,0.015,0.917,25.021
1208,4,val1,245,24.795,0.020,0.207,25.021
1209,4,val1,237,23.988,0.020,1.015,25.022
1210,4,val2,246,24.895,0.021,0.105,25.022
1211,3,val3,239,24.182,0.013,0.829,25.024
1212,3,val3,238,24.082,0.013,0.930,25.025
1213,3,val3,237,23.980,0.024,1.022,25.025
1214,4,val3,241,24.390,0.014,0.621,25.025
1215,4,val3,240,24.290,0.015,0.722,25.026
1216,4,val2,239,24.189,0.013,0.827,25.029
1217,0,val3,245,24.706,0.013,0.311,25.030
1218,0,val3,242,24.402,0.013,0.615,25.031
1219,0,val3,240,24.199,0.014,0.818,25.031
1220,0,val2,239,24.097,0.014,0.920,25.031
1221,0,val3,241,24.300,0.016,0.716,25.032
1222,0,val2,246,24.807,0.015,0.210,25.032
1223,0,val3,243,24.504,0.014,0.514,25.032
1224,0,val2,244,24.606,0.015,0.412,25.033
1225,0,val2,247,24.908,0.020,0.104,25.033
1226,0,val1,238,23.996,0.027,1.021,25.044
1227,1,val3,246,24.838,0.013,0.203,25.054
1228,1,val2,245,24.738,0.012,0.304,25.055
1229,1,val1,240,24.234,0.012,0.813,25.059
1230,1,val1,244,24.638,0.013,0.409,25.060
1231,1,val2,242,24.436,0.013,0.615,25.064
1232,1,val1,243,24.537,0.013,0.514,25.064
1233,1,val3,241,24.335,0.013,0.716,25.064
1234,1,val1,238,24.032,0.013,1.019,25.065
1235,1,val1,239,24.134,0.014,0.918,25.065
1236,2,val1,255,25.776,0.013,0.204,25.992
1237,2,val3,256,25.877,0.013,0.102,25.992
1238,2,val2,254,25.674,0.012,0.306,25.993
1239,2,val1,251,25.372,0.013,0.610,25.994
1240,2,val2,253,25.573,0.014,0.407,25.994
1241,2,val2,250,25.271,0.013,0.713,25.997
1242,2,val2,249,25.171,0.013,0.814,25.998
1243,2,val2,248,25.070,0.013,0.915,25.998
1244,2,val3,252,25.472,0.013,0.517,26.002
1245,3,val3,256,25.899,0.013,0.103,26.015
1246,3,val3,253,25.595,0.013,0.408,26.016
1247,3,val3,255,25.798,0.014,0.205,26.016
1248,2,val2,247,24.968,0.029,1.022,26.020
1249,4,val2,254,25.702,0.014,0.305,26.021
1250,3,val2,249,25.192,0.012,0.817,26.022
1251,3,val2,252,25.494,0.013,0.515,26.022
1252,3,val2,250,25.293,0.013,0.717,26.023
1253,4,val1,256,25.906,0.014,0.103,26.023
1254,3,val1,251,25.394,0.014,0.615,26.023
1255,4,val1,253,25.600,0.014,0.409,26.023
1256,3,val1,254,25.696,0.013,0.314,26.024
1257,0,val1,255,25.715,0.013,0.303,26.031
1258,4,val3,255,25.804,0.019,0.209,26.031
1259,4,val3,252,25.500,0.014,0.518,26.032
1260,4,val2,249,25.198,0.020,0.815,26.032
1261,0,val3,257,25.916,0.014,0.102,26.033
1262,4,val2,247,24.996,0.014,1.023,26.033
1263,3,val2,248,25.092,0.013,0.928,26.033
1264,3,val1,247,24.991,0.016,1.026,26.034
1265,4,val1,250,25.298,0.013,0.725,26.036
1266,4,val1,248,25.097,0.014,0.925,26.037
1267,4,val1,251,25.399,0.023,0.615,26.037
1268,0,val3,254,25.614,0.014,0.414,26.042
1269,0,val3,251,25.312,0.013,0.717,26.042
1270,0,val3,250,25.211,0.013,0.818,26.042
1271,0,val1,253,25.514,0.013,0.516,26.043
1272,0,val3,249,25.110,0.013,0.919,26.043
1273,0,val3,248,25.010,0.016,1.018,26.043
1274,0,val3,256,25.816,0.020,0.208,26.044
1275,0,val1,252,25.413,0.020,0.611,26.044
1276,1,val3,256,25.846,0.012,0.203,26.061
1277,1,val3,255,25.746,0.013,0.308,26.067
1278,1,val2,254,25.645,0.013,0.409,26.067
1279,1,val3,252,25.443,0.013,0.612,26.067
1280,1,val2,253,25.544,0.013,0.510,26.068
1281,1,val1,250,25.241,0.013,0.818,26.072
1282,1,val2,248,25.040,0.013,1.019,26.072
1283,1,val3,249,25.140,0.013,0.919,26.072
1284,1,val2,247,24.939,0.014,1.119,26.073
1285,1,val3,251,25.343,0.017,0.714,26.073
1286,1,val1,258,26.048,0.013,0.920,26.981
1287,1,val3,257,25.947,0.013,1.025,26.986
1288,2,val1,262,26.481,0.012,0.511,27.005
1289,2,val2,261,26.381,0.013,0.612,27.006
1290,2,val3,264,26.684,0.013,0.310,27.006
1291,2,val3,263,26.582,0.013,0.411,27.007
1292,2,val1,266,26.887,0.015,0.105,27.007
1293,2,val2,265,26.785,0.014,0.207,27.007
1294,2,val1,260,26.281,0.013,0.714,27.007
1295,2,val3,259,26.180,0.012,0.815,27.008
1296,2,val1,258,26.080,0.013,0.915,27.008
1297,2,val3,257,25.978,0.024,1.022,27.025
1298,3,val3,266,26.910,0.013,0.103,27.026
1299,4,val1,266,26.916,0.014,0.102,27.033
1300,3,val1,265,26.809,0.013,0.211,27.033
1301,3,val1,264,26.707,0.012,0.314,27.034
1302,4,val1,257,26.008,0.016,1.010,27.034
1303,3,val1,261,26.405,0.014,0.616,27.034
1304,3,val1,260,26.304,0.013,0.718,27.035
1305,3,val1,258,26.102,0.014,0.920,27.035
1306,3,val3,262,26.506,0.013,0.519,27.038
1307,4,val3,264,26.714,0.016,0.308,27.038
1308,3,val2,263,26.607,0.014,0.418,27.038
1309,4,val2,262,26.513,0.014,0.512,27.038
1310,4,val2,265,26.814,0.014,0.211,27.039
1311,0,val3,266,26.821,0.014,0.204,27.039
1312,4,val2,263,26.613,0.019,0.407,27.039
1313,0,val2,267,26.922,0.015,0.103,27.040
1314,4,val2,260,26.311,0.014,0.718,27.043
1315,0,val2,262,26.420,0.014,0.610,27.044
1316,0,val2,260,26.218,0.013,0.813,27.044
1317,3,val2,257,26.001,0.013,1.031,27.045
1318,3,val2,259,26.203,0.013,0.829,27.045
1319,4,val3,258,26.109,0.014,0.922,27.046
1320,4,val3,261,26.412,0.014,0.621,27.046
1321,4,val3,259,26.210,0.014,0.823,27.047
1322,0,val3,261,26.319,0.015,0.715,27.049
1323,0,val3,264,26.621,0.014,0.415,27.049
1324,0,val2,263,26.520,0.018,0.511,27.049
1325,0,val2,258,26.017,0.017,1.016,27.050
1326,0,val3,265,26.721,0.021,0.308,27.050
1327,0,val3,259,26.117,0.018,0.915,27.050
1328,1,val1,266,26.853,0.013,0.203,27.069
1329,1,val1,265,26.752,0.012,0.304,27.069
1330,1,val2,259,26.148,0.012,0.915,27.075
1331,1,val3,264,26.652,0.013,0.411,27.076
1332,1,val3,263,26.552,0.012,0.513,27.076
1333,1,val2,260,26.249,0.013,0.814,27.076
1334,1,val3,261,26.350,0.013,0.714,27.077
1335,1,val3,262,26.451,0.013,0.613,27.077
1336,2,val1,276,27.895,0.012,0.102,28.009
1337,2,val1,275,27.794,0.012,0.206,28.012
1338,2,val2,274,27.693,0.012,0.307,28.013
1339,2,val1,272,27.491,0.012,0.509,28.013
1340,2,val1,271,27.390,0.012,0.610,28.013
1341,2,val2,273,27.593,0.013,0.411,28.017
1342,2,val1,270,27.290,0.012,0.715,28.017
1343,2,val2,269,27.189,0.012,0.816,28.018
1344,2,val2,268,27.088,0.012,0.917,28.018
1345,2,val3,267,26.988,0.013,1.017,28.018
1346,3,val1,276,27.921,0.013,0.108,28.041
1347,3,val2,272,27.516,0.013,0.512,28.042
1348,3,val2,274,27.718,0.013,0.311,28.042
1349,3,val2,271,27.416,0.014,0.613,28.042
1350,4,val2,276,27.926,0.015,0.103,28.044
1351,0,val2,269,27.123,0.014,0.908,28.045
1352,0,val2,268,27.022,0.013,1.011,28.046
1353,3,val3,275,27.819,0.015,0.212,28.047
1354,4,val2,274,27.722,0.021,0.305,28.048
1355,3,val3,273,27.616,0.014,0.417,28.047
1356,0,val3,277,27.929,0.016,0.102,28.048
1357,4,val3,271,27.420,0.015,0.614,28.049
1358,3,val3,270,27.315,0.013,0.721,28.049
1359,4,val3,268,27.119,0.020,0.910,28.049
1360,3,val3,268,27.113,0.014,0.922,28.049
1361,3,val3,267,27.011,0.014,1.025,28.050
1362,0,val3,276,27.828,0.018,0.204,28.050
1363,4,val3,267,27.018,0.021,1.012,28.050
1364,4,val1,272,27.521,0.015,0.517,28.053
1365,4,val1,275,27.824,0.015,0.214,28.054
1366,4,val1,273,27.621,0.014,0.419,28.054
1367,0,val1,275,27.728,0.015,0.311,28.053
1368,3,val1,269,27.214,0.014,0.838,28.065
1369,4,val1,270,27.320,0.014,0.732,28.065
1370,4,val1,269,27.219,0.020,0.827,28.066
1371,0,val1,271,27.325,0.020,0.721,28.067
1372,0,val1,273,27.526,0.022,0.518,28.067
1373,0,val1,274,27.627,0.020,0.420,28.067
1374,0,val1,270,27.224,0.025,0.819,28.068
1375,0,val1,272,27.426,0.016,0.627,28.068
1376,1,val2,276,27.858,0.013,0.206,28.078
1377,1,val2,274,27.657,0.013,0.409,28.078
1378,1,val2,275,27.757,0.013,0.308,28.079
1379,1,val1,273,27.556,0.013,0.510,28.079
1380,1,val3,272,27.456,0.012,0.611,28.079
1381,1,val3,271,27.355,0.013,0.714,28.081
1382,1,val2,270,27.254,0.012,0.815,28.082
1383,1,val3,269,27.154,0.013,0.915,28.082
1384,1,val3,268,27.054,0.013,1.020,28.088
1385,1,val3,267,26.953,0.013,1.122,28.088
1386,1,val1,282,28.464,0.013,0.511,28.988
1387,1,val1,281,28.363,0.013,0.613,28.989
1388,1,val1,280,28.262,0.013,0.714,28.989
1389,1,val1,279,28.161,0.013,0.814,28.989
1390,1,val1,277,27.959,0.022,1.012,28.993
1391,1,val2,284,28.665,0.014,0.314,28.993
1392,2,val3,286,28.900,0.013,0.103,29.016
1393,2,val2,285,28.799,0.013,0.204,29.016
1394,2,val1,284,28.698,0.013,0.306,29.017
1395,2,val2,283,28.598,0.013,0.407,29.017
1396,2,val2,282,28.497,0.013,0.508,29.018
1397,2,val3,281,28.397,0.013,0.609,29.018
1398,2,val1,280,28.297,0.013,0.712,29.022
1399,2,val1,279,28.196,0.012,0.814,29.022
1400,2,val3,278,28.096,0.012,0.915,29.022
1401,2,val2,277,27.995,0.015,1.014,29.024
1402,3,val2,286,28.928,0.014,0.102,29.044
1403,3,val3,282,28.525,0.014,0.511,29.049
1404,3,val3,285,28.827,0.013,0.210,29.050
1405,4,val3,284,28.731,0.014,0.305,29.050
1406,0,val2,286,28.837,0.015,0.203,29.055
1407,3,val2,283,28.625,0.014,0.416,29.055
1408,3,val2,284,28.726,0.014,0.316,29.056
1409,4,val2,279,28.228,0.015,0.813,29.056
1410,3,val2,280,28.323,0.013,0.720,29.056
1411,3,val3,279,28.222,0.015,0.821,29.058
1412,3,val3,278,28.122,0.013,0.924,29.059
1413,0,val3,281,28.332,0.015,0.713,29.061
1414,0,val2,282,28.433,0.016,0.613,29.061
1415,0,val2,283,28.533,0.017,0.511,29.061
1416,0,val3,279,28.131,0.016,0.914,29.062
1417,3,val1,281,28.424,0.014,0.628,29.066
1418,0,val1,285,28.736,0.015,0.316,29.066
1419,3,val2,277,28.022,0.015,1.030,29.067
1420,4,val1,282,28.529,0.015,0.524,29.068
1421,4,val1,285,28.831,0.014,0.223,29.069
1422,0,val1,278,28.030,0.024,1.015,29.069
1423,0,val2,280,28.232,0.022,0.815,29.069
1424,0,val2,284,28.634,0.028,0.407,29.070
1425,0,val1,287,28.938,0.028,0.104,29.070
1426,4,val1,277,28.027,0.014,1.028,29.069
1427,4,val1,278,28.127,0.016,0.926,29.069
1428,4,val1,281,28.429,0.021,0.619,29.069
1429,4,val2,280,28.328,0.020,0.721,29.070
1430,4,val2,283,28.630,0.022,0.418,29.070
1431,1,val2,286,28.867,0.012,0.203,29.081
1432,1,val3,285,28.766,0.012,0.310,29.089
1433,1,val3,278,28.060,0.013,1.017,29.089
1434,1,val3,283,28.564,0.012,0.514,29.090
1435,1,val2,289,29.171,0.013,0.815,29.999
1436,1,val2,290,29.273,0.013,0.716,30.002
1437,1,val3,288,29.070,0.013,0.922,30.005
1438,1,val3,296,29.882,0.014,0.108,30.005
1439,1,val3,295,29.782,0.015,0.209,30.006
1440,1,val3,293,29.579,0.014,0.413,30.006
1441,1,val1,292,29.477,0.013,0.520,30.010
1442,1,val2,294,29.680,0.015,0.318,30.012
1443,1,val2,291,29.375,0.013,0.625,30.013
1444,2,val1,295,29.806,0.012,0.203,30.022
1445,2,val3,296,29.907,0.013,0.102,30.023
1446,1,val3,287,28.968,0.020,1.036,30.023
1447,2,val2,294,29.706,0.013,0.310,30.028
1448,2,val1,289,29.201,0.012,0.815,30.028
1449,2,val3,293,29.605,0.013,0.411,30.029
1450,2,val2,292,29.504,0.013,0.512,30.029
1451,2,val3,290,29.302,0.013,0.714,30.029
1452,2,val3,288,29.101,0.015,0.914,30.029
1453,2,val2,291,29.403,0.014,0.612,30.030
1454,2,val2,287,29.000,0.013,1.017,30.030
1455,3,val3,296,29.934,0.013,0.103,30.049
1456,3,val2,295,29.834,0.013,0.205,30.052
1457,3,val3,293,29.632,0.013,0.407,30.052
1458,4,val3,292,29.538,0.015,0.507,30.060
1459,3,val3,291,29.431,0.013,0.616,30.060
1460,3,val2,292,29.532,0.013,0.519,30.064
1461,3,val3,290,29.331,0.013,0.720,30.064
1462,4,val3,293,29.640,0.018,0.407,30.064
1463,3,val2,289,29.230,0.015,0.819,30.064
1464,3,val1,287,29.029,0.013,1.028,30.070
1465,0,val3,293,29.543,0.021,0.506,30.070
1466,3,val1,288,29.130,0.015,0.926,30.070
1467,4,val1,294,29.742,0.017,0.312,30.070
1468,0,val1,294,29.644,0.014,0.413,30.071
1469,4,val1,289,29.236,0.015,0.820,30.071
1470,3,val1,294,29.733,0.013,0.325,30.071
1471,4,val1,296,29.945,0.024,0.103,30.072
1472,4,val1,287,29.035,0.020,1.018,30.072
1473,4,val2,290,29.336,0.015,0.722,30.073
1474,4,val2,295,29.843,0.016,0.214,30.073
1475,4,val3,291,29.437,0.019,0.620,30.076
1476,4,val3,286,28.933,0.015,1.128,30.076
1477,0,val2,288,29.039,0.015,1.022,30.076
1478,0,val2,295,29.745,0.015,0.317,30.077
1479,4,val3,288,29.135,0.014,0.928,30.077
1480,0,val3,291,29.341,0.016,0.720,30.077
1481,0,val2,296,29.846,0.026,0.206,30.077
1482,0,val3,292,29.442,0.024,0.611,30.078
1483,0,val1,289,29.140,0.017,0.923,30.080
1484,0,val1,290,29.241,0.022,0.818,30.080
1485,4,val1,297,30.045,0.014,0.916,30.975
1486,4,val2,298,30.145,0.015,0.815,30.975
1487,0,val1,297,29.946,0.033,1.010,30.989
1488,1,val1,297,29.983,0.028,1.011,31.022
1489,2,val3,297,30.008,0.015,1.011,31.034
1490,3,val1,298,30.136,0.015,0.914,31.065
1491,3,val3,297,30.036,0.013,1.017,31.065
